step,train_loss,val_loss
0,7.069720,7.079070
100,4.383715,4.278911
200,3.938583,3.797077
300,3.786194,3.667884
400,3.575298,3.506290
500,3.449951,3.348626
600,3.335176,3.258672
700,3.238079,3.206409
800,3.168076,3.133723
900,3.091145,3.093751
1000,3.022269,3.042859
1100,2.981978,2.981601
1200,2.923391,2.925864
1300,2.885243,2.929891
1400,2.835399,2.875764
1500,2.778073,2.857288
1600,2.731425,2.851103
1700,2.703607,2.847164
1800,2.673011,2.839843
1900,2.653838,2.789724
2000,2.631898,2.801172
2100,2.567370,2.771024
2200,2.541222,2.748685
2300,2.543508,2.735548
2400,2.520701,2.759381
2500,2.515896,2.719248
2600,2.513246,2.713693
2700,2.489373,2.713357
2800,2.453773,2.700934
2900,2.483877,2.680234
3000,2.468246,2.698273
